Tempo,Tensao
0.00,0.0000
0.00,0.0000
0.01,0.0000
0.01,0.0000
0.01,0.0147
0.01,0.0000
0.03,0.0000
0.04,0.0000
0.05,0.0000
0.07,0.0000
0.08,0.0000
0.10,0.0000
0.11,0.0000
0.12,0.0000
0.14,0.0000
0.15,0.0000
0.16,0.0000
0.18,0.0000
0.19,0.0000
0.20,0.0000
0.22,0.0000
0.23,0.0000
0.24,0.0293
0.26,0.0000
0.27,0.0000
0.28,0.0000
0.30,0.0000
0.31,0.0000
0.32,0.0000
0.34,0.0000
0.35,0.0049
0.37,0.0000
0.38,0.0000
0.39,0.0049
0.41,0.0000
0.42,0.0000
0.43,0.0000
0.45,0.0000
0.46,0.0000
0.47,0.0000
0.49,0.0000
0.50,0.0049
0.51,0.0000
0.53,0.1369
0.54,0.0000
0.55,0.0000
0.57,0.0147
0.58,0.0000
0.60,0.0000
0.61,0.0000
0.62,0.0000
0.64,0.0000
0.65,0.0000
0.66,0.0000
0.68,0.0000
0.69,0.0000
0.70,0.0000
0.72,0.0049
0.73,0.0147
0.74,0.0000
0.76,0.0000
0.77,0.0000
0.79,0.0000
0.80,0.0000
0.81,0.0000
0.83,0.0049
0.84,0.0098
0.85,0.0000
0.87,0.0000
0.88,0.0049
0.89,0.0000
0.91,0.0000
0.92,0.0000
0.93,0.0000
0.95,0.0000
0.96,0.0000
0.97,0.0000
0.99,0.0000
1.00,0.0000
1.01,0.0000
1.03,0.0000
1.04,0.0000
1.05,0.0049
1.07,0.0000
1.08,0.0000
1.10,0.0000
1.11,0.0000
1.12,0.0000
1.14,0.0000
1.15,0.0000
1.16,0.0000
1.18,0.0098
1.19,0.0000
1.20,0.0000
1.22,0.0000
1.23,0.1271
1.25,0.0000
1.26,0.1613
1.27,0.0000
1.28,0.0049
1.30,0.0000
1.31,0.0000
1.33,0.0000
1.34,0.0000
1.35,0.0000
1.37,0.0000
1.38,0.0000
1.39,0.0000
1.41,0.0000
1.42,0.0000
1.43,0.0000
1.45,0.0000
1.46,0.0049
1.47,0.0000
1.49,0.0000
1.50,0.0000
1.51,0.0000
1.53,0.0000
1.54,0.0000
1.55,0.0000
1.57,0.0000
1.58,0.0000
1.60,0.0000
1.61,0.0000
1.62,0.0000
1.64,0.0000
1.65,0.0000
1.66,0.0000
1.68,0.0000
1.69,0.0147
1.70,0.2199
1.72,0.0000
1.73,0.0098
1.74,0.0000
1.76,0.0000
1.77,0.0244
1.78,0.0000
1.80,0.0000
1.81,0.0000
1.83,0.0000
1.84,0.0000
1.85,0.0000
1.87,0.0000
1.88,0.0000
1.89,0.0000
1.91,0.0000
1.92,0.0000
1.93,0.0000
1.95,0.0000
1.96,0.0000
1.98,0.0000
1.99,0.0000
2.00,0.0000
2.02,0.0000
2.03,0.0000
2.04,0.0000
2.06,0.0000
2.07,0.0000
2.08,0.0000
2.10,0.0000
2.11,0.0000
2.12,0.0000
2.14,0.0000
2.15,0.0000
2.16,0.0000
2.18,0.1173
2.19,0.0000
2.20,0.0000
2.22,0.0000
2.23,0.0000
2.25,0.0000
2.26,0.0000
2.27,0.0000
2.29,0.0000
2.30,0.0000
2.31,0.0000
2.33,0.0000
2.34,0.0098
2.35,0.0000
2.37,0.0000
2.38,0.0000
2.39,0.0000
2.41,0.0000
2.42,0.0098
2.44,0.0000
2.45,0.0000
2.46,0.0000
2.48,0.0000
2.49,0.2346
2.50,0.0000
2.52,0.0000
2.53,0.0000
2.54,0.0049
2.56,0.0000
2.57,0.0000
2.58,0.0000
2.60,0.0000
2.61,0.0000
2.62,0.0000
2.64,0.0000
2.65,0.0000
2.66,0.0000
2.68,0.0000
2.69,0.0000
2.71,0.0000
2.72,0.0000
2.73,0.0196
2.75,0.3470
2.76,0.0000
2.77,0.0000
2.79,0.0000
2.80,0.0244
2.81,0.0049
2.83,0.0000
2.84,0.0000
2.85,0.0000
2.87,0.0000
2.88,0.0000
2.89,0.0000
2.91,0.0000
2.92,0.0000
2.93,0.0000
2.95,0.0000
2.96,0.0000
2.98,0.0098
2.99,0.0000
3.00,0.0635
3.02,0.0000
3.03,0.0000
3.04,0.0000
3.06,0.0000
3.07,0.0000
3.08,0.0000
3.10,0.0000
3.11,0.0000
3.12,0.0000
3.14,0.0000
3.15,0.0000
3.16,0.0000
3.18,0.0000
3.19,0.0000
3.21,0.0049
3.22,0.0049
3.23,0.0049
3.25,0.0098
3.26,0.0000
3.27,0.0000
3.29,0.0000
3.30,0.0000
3.31,0.0000
3.33,0.0000
3.34,0.0000
3.35,0.0000
3.37,0.0000
3.38,0.0049
3.39,0.0049
3.41,0.0000
3.42,0.0000
3.44,0.0049
3.45,0.0000
3.46,0.0000
3.48,0.0000
3.49,0.0000
3.50,0.0000
3.52,0.0000
3.53,0.0000
3.54,0.0000
3.56,0.0000
3.57,0.0000
3.58,0.0538
3.60,0.0000
3.61,0.0978
3.62,0.0049
3.64,1.0215
3.65,0.0000
3.66,0.0000
3.68,0.0000
3.69,0.0000
3.71,0.0000
3.72,0.0000
3.73,0.0000
3.75,0.0049
3.76,0.0000
3.77,0.0000
3.79,0.0000
3.80,0.0000
3.81,0.0000
3.83,0.0587
3.84,0.0000
3.85,0.2346
3.87,0.0000
3.88,0.0000
3.89,0.0000
3.91,0.0000
3.92,0.0000
3.94,0.0000
3.95,0.0000
3.96,0.0049
3.98,0.0000
3.99,0.0000
4.00,0.0000
4.02,0.0000
4.03,0.0000
4.04,0.0049
4.06,0.0000
4.07,0.0000
4.08,0.0000
4.10,0.0000
4.11,0.0000
4.12,0.0000
4.14,0.0000
4.15,0.0000
4.17,0.0000
4.18,0.0000
4.19,0.0098
4.21,0.0000
4.22,0.0000
4.23,0.0000
4.25,0.0098
4.26,0.0000
4.27,0.0000
4.29,0.0000
4.30,0.0000
4.31,0.0000
4.33,0.0000
4.34,0.0000
4.35,0.0000
4.37,0.0000
4.38,0.0000
4.40,0.1026
4.41,0.3519
4.42,0.0000
4.44,0.0000
4.45,0.0000
4.46,0.0000
4.48,0.0000
4.49,0.0000
4.50,0.0000
4.52,0.0000
4.53,0.0000
4.54,0.0000
4.56,0.0000
4.57,0.0000
4.58,0.0000
4.60,0.0000
4.61,0.0098
4.62,0.0000
4.64,0.0000
4.65,0.0000
4.67,0.0000
4.68,0.0000
4.69,0.0000
4.71,0.0538
4.72,0.0049
4.73,0.0049
4.75,0.0000
4.76,0.0000
4.77,0.0000
4.79,0.0000
4.80,0.0000
4.81,0.0000
4.83,0.0196
4.84,0.0000
4.85,0.0000
4.87,0.0000
4.88,0.0000
4.89,0.0000
4.91,0.0000
4.92,0.0000
4.94,0.0000
4.95,0.0000
4.96,0.0000
4.98,0.0000
4.99,0.0000
5.00,0.0000
5.02,0.0000
5.03,0.0000
5.04,0.0196
5.06,0.0000
5.07,0.0000
5.08,0.0000
5.10,0.0000
5.11,0.0000
5.13,0.0000
5.14,0.0000
5.15,0.0000
5.17,0.0000
5.18,0.0000
5.19,0.0098
5.21,0.0000
5.22,0.0000
5.23,0.0000
5.25,0.0000
5.26,0.0000
5.27,0.0000
5.29,0.0000
5.30,0.0440
5.31,0.0000
5.33,0.0000
5.34,0.0000
5.35,0.0000
5.37,0.0049
5.38,0.0000
5.40,0.0000
5.41,0.0000
5.42,0.0000
5.44,0.0000
5.45,0.0000
5.46,0.0000
5.48,0.0000
5.49,0.0000
5.50,0.0000
5.52,0.0000
5.53,0.0000
5.54,0.0098
5.56,0.0000
5.57,0.0000
5.58,0.1417
5.60,0.2786
5.61,0.0000
5.62,0.0000
5.64,0.0000
5.65,0.0000
5.67,0.0000
5.68,0.0000
5.69,0.0000
5.71,0.0000
5.72,0.0049
5.73,0.0000
5.75,0.0000
5.76,0.0000
5.77,0.0000
5.79,0.0000
5.80,0.0000
5.81,0.0000
5.83,0.0000
5.84,0.0000
5.86,0.0000
5.87,0.0000
5.88,0.0000
5.90,0.0000
5.91,0.0049
5.92,0.0000
5.94,0.0293
5.95,0.0000
5.96,0.0000
5.98,0.0000
5.99,0.0000
6.00,0.0000
6.02,0.0000
6.03,0.0000
6.04,0.0098
6.06,0.0000
6.07,0.0000
6.08,0.0000
6.10,0.0000
6.11,0.0000
6.13,0.0000
6.14,0.0000
6.15,0.0000
6.17,0.0000
6.18,0.0000
6.19,0.0000
6.21,0.0049
6.22,0.0000
6.23,0.0000
6.25,0.0000
6.26,0.0000
6.27,0.0000
6.29,0.0000
6.30,0.0000
6.32,0.0098
6.33,0.0098
6.34,0.0000
6.35,0.0000
6.37,0.0000
6.38,0.0000
6.40,0.0000
6.41,0.0000
6.42,0.0098
6.44,0.0000
6.45,0.0000
6.46,0.0000
6.48,0.0000
6.49,0.0049
6.50,0.0000
6.52,0.0000
6.53,0.0000
6.54,0.0000
6.56,0.0000
6.57,0.0000
6.59,0.0000
6.60,0.0098
6.61,0.0000
6.63,0.0000
6.64,0.0000
6.65,0.0000
6.67,0.0000
6.68,0.0000
6.69,0.0000
6.71,0.0000
6.72,0.0000
6.73,0.0000
6.75,0.0000
6.76,0.0000
6.77,0.0000
6.79,0.0000
6.80,0.0000
6.81,0.0000
6.83,0.0000
6.84,0.0000
6.86,0.0000
6.87,0.0000
6.88,0.0000
6.90,0.0000
6.91,0.0000
6.92,0.0049
6.94,0.0000
6.95,0.0000
6.96,0.0000
6.98,0.0049
6.99,0.0000
7.00,0.0000
7.02,0.0000
7.03,0.0000
7.05,0.0000
7.06,0.0000
7.07,0.1075
7.09,0.0000
7.10,0.0000
7.11,0.0000
7.13,0.0000
7.14,0.0000
7.15,0.0000
7.17,0.0000
7.18,0.0000
7.19,0.0049
7.21,0.0000
7.22,0.0000
7.23,0.0000
7.25,0.0000
7.26,0.0098
7.27,0.0098
7.29,0.0000
7.30,0.0000
7.32,0.0000
7.33,0.0196
7.34,0.0000
7.36,0.0000
7.37,0.0000
7.38,0.0000
7.40,0.0000
7.41,0.0098
7.42,0.0000
7.44,0.0000
7.45,0.0000
7.46,0.0000
7.48,0.0000
7.49,0.0293
7.50,0.0000
7.52,0.0000
7.53,0.0000
7.54,0.0000
7.56,0.0098
7.57,0.0000
7.59,0.0000
7.60,0.0000
7.61,0.0000
7.63,0.0000
7.64,0.0000
7.65,0.0000
7.67,0.0000
7.68,0.0000
7.69,0.0098
7.71,0.0000
7.72,0.0000
7.73,0.0000
7.75,0.0000
7.76,0.0000
7.78,0.0000
7.79,0.0000
7.80,0.0000
7.82,0.0000
7.83,0.0293
7.84,0.0000
7.86,0.0000
7.87,0.0733
7.88,0.0000
7.90,0.0000
7.91,0.0000
7.92,0.0049
7.94,0.0000
7.95,0.0049
7.96,0.0000
7.98,0.0000
7.99,0.0000
8.00,0.0000
8.02,0.0000
8.03,0.0000
8.05,0.0000
8.06,0.0000
8.07,0.0000
8.09,0.0049
8.10,0.0000
8.11,0.0000
8.13,0.0000
8.14,0.0000
8.15,0.0000
8.17,0.0000
8.18,0.0000
8.19,0.0000
8.21,0.0000
8.22,0.0000
8.23,0.0000
8.25,0.0000
8.26,0.0098
8.27,0.0000
8.29,0.0000
8.30,0.0000
8.31,0.0000
8.33,0.0000
8.34,0.0000
8.35,0.0000
8.37,0.0000
8.38,0.0000
8.40,0.0000
8.41,0.0000
8.42,0.0000
8.44,0.0000
8.45,0.0000
8.46,0.0000
8.48,0.0000
8.49,0.0000
8.51,0.0000
8.52,0.0000
8.53,0.0000
8.55,0.0000
8.56,0.0000
8.57,0.0000
8.59,0.0000
8.60,0.0000
8.61,0.0000
8.63,0.0000
8.64,0.0000
8.65,0.0000
8.67,0.0147
8.68,0.0000
8.69,0.0000
8.71,0.0000
8.72,0.0000
8.73,0.0000
8.75,0.0000
8.76,0.1613
8.77,0.0000
8.79,0.0000
8.80,0.0000
8.81,0.0000
8.83,0.0000
8.84,0.0049
8.86,0.0098
8.87,0.0000
8.88,0.0000
8.90,0.0049
8.91,0.0000
8.92,0.0000
8.94,0.0000
8.95,0.0000
8.97,0.0000
8.98,0.0000
8.99,0.0000
9.01,0.0000
9.02,0.0000
9.03,0.0000
9.05,0.0000
9.06,0.0000
9.07,0.0049
9.09,0.0000
9.10,0.0000
9.11,0.0000
9.13,0.0000
9.14,0.0000
9.15,0.0000
9.17,0.0000
9.18,0.0000
9.19,0.0000
9.21,0.0000
9.22,0.0000
9.23,0.0049
9.25,0.0147
9.26,0.0000
9.27,0.0049
9.29,0.0000
9.30,0.0000
9.32,0.0000
9.33,0.0000
9.34,0.0098
9.36,0.0000
9.37,0.0000
9.38,0.0000
9.40,0.0000
9.41,0.0000
9.42,0.0000
9.44,0.0000
9.45,0.0000
9.46,0.0000
9.48,0.0000
9.49,0.0000
9.51,0.0000
9.52,0.0000
9.53,0.0000
9.55,0.0000
9.56,0.0000
9.57,0.0000
9.59,0.0000
9.60,0.0000
9.61,0.0000
9.63,0.0000
9.64,0.1955
9.65,0.0049
9.67,0.0000
9.68,0.0000
9.69,0.0000
9.71,0.0000
9.72,0.0000
9.73,0.0196
9.75,0.0000
9.76,0.0098
9.78,0.0000
9.79,0.0147
9.80,0.0000
9.82,0.0000
9.83,0.0000
9.84,0.0000
9.86,0.0000
9.87,0.0000
9.88,0.0000
9.90,0.0000
9.91,0.0000
9.92,0.0000
9.94,0.0000
9.95,0.0000
9.97,0.0147
9.98,0.0000
9.99,0.0000
10.01,0.0000
10.02,0.0000
10.03,0.0000
10.05,0.0000
10.06,0.0000
10.08,0.0000
10.09,0.0000
10.11,0.0000
10.12,0.0000
10.14,0.0000
10.15,0.0000
10.17,0.0000
10.18,0.5963
10.19,0.0000
10.21,0.0000
10.22,0.0000
10.24,0.0000
10.25,0.0000
10.27,0.0000
10.28,0.0000
10.30,0.0000
10.31,0.0000
10.33,0.0000
10.34,0.0049
10.35,0.0000
10.37,0.0000
10.38,0.0000
10.40,0.0000
10.41,0.0000
10.43,0.0000
10.44,0.0000
10.46,0.0000
10.47,0.0000
10.48,0.0000
10.50,0.0000
10.52,0.0000
10.53,0.0000
10.54,0.0000
10.56,0.0000
10.57,0.0000
10.59,0.0000
10.60,0.0000
10.62,0.0000
10.63,0.0000
10.65,0.0000
10.66,0.0000
10.68,0.0196
10.69,0.0098
10.70,0.0000
10.72,0.0000
10.73,0.0000
10.75,0.0000
10.76,0.0000
10.78,0.0098
10.79,0.0147
10.81,0.0000
10.82,0.0000
10.84,0.0000
10.85,0.0000
10.86,0.0000
10.88,0.0000
10.89,0.0098
10.91,0.0147
10.92,0.0000
10.94,0.0000
10.95,0.0000
10.97,0.0000
10.98,0.0000
11.00,0.0000
11.01,0.0000
11.02,0.0000
11.04,0.0000
11.05,0.0000
11.07,0.0000
11.08,0.0000
11.10,0.0000
11.11,0.0000
11.13,0.0000
11.14,0.0000
11.16,0.0000
11.17,0.0000
11.19,0.0000
11.20,0.0000
11.21,0.0000
11.23,0.0000
11.24,0.0000
11.26,0.0000
11.27,0.0000
11.29,0.0000
11.30,0.0391
11.32,0.0098
11.33,0.0000
11.34,0.0000
11.36,0.0000
11.37,0.0000
11.39,0.0000
11.40,0.0000
11.42,0.0000
11.43,0.0000
11.45,0.0000
11.46,0.0000
11.48,0.0000
11.49,0.0000
11.51,0.0000
11.52,0.0000
11.53,0.0000
11.55,0.0049
11.56,0.0000
11.58,0.0000
11.59,0.0000
11.61,0.0000
11.62,0.0000
11.64,0.0196
11.65,0.0000
11.67,0.0000
11.68,0.0000
11.69,0.0000
11.71,0.0000
11.72,0.0000
11.74,0.0000
11.75,0.0000
11.77,0.0000
11.78,0.0000
11.80,0.0000
11.81,0.0000
11.83,0.0000
11.84,0.0098
11.85,0.0000
11.87,0.0000
11.88,0.0000
11.90,0.0000
11.91,0.0000
11.93,0.0147
11.94,0.0000
11.96,0.1320
11.97,0.0049
11.98,0.0000
12.00,0.0000
12.01,0.0000
12.03,0.0000
12.04,0.0000
12.06,0.0049
12.07,0.0000
12.09,0.0049
12.10,0.0000
12.12,0.0098
12.13,0.0000
12.15,0.0000
12.16,0.0000
12.18,0.0000
12.19,0.0000
12.20,0.0000
12.22,0.0000
12.23,0.0000
12.25,0.0000
12.26,0.0000
12.28,0.0000
12.29,0.0049
12.31,0.0000
12.32,0.0000
12.34,0.0000
12.35,0.0000
12.36,0.4008
12.38,0.0000
12.39,0.0000
12.41,0.0000
12.42,0.0000
12.44,0.0000
12.45,0.0000
12.47,0.0000
12.48,0.0000
12.50,0.0000
12.51,0.0000
12.52,0.0098
12.54,0.1613
12.55,0.0000
12.57,0.0000
12.58,0.0000
12.60,0.0000
12.61,0.0000
12.63,0.0000
12.64,0.0000
12.65,0.0098
12.67,0.0000
12.69,0.0098
12.70,0.0000
12.71,0.0000
12.73,0.0000
12.74,0.0000
12.76,0.0000
12.77,0.0000
12.79,0.0000
12.80,0.0000
12.81,0.0000
12.83,0.0000
12.85,0.0000
12.86,0.0000
12.87,0.0049
12.89,0.0000
12.90,0.0000
12.92,0.0000
12.93,0.0147
12.95,0.3666
12.96,0.0000
12.98,0.0000
12.99,0.0000
13.00,0.0000
13.02,0.0000
13.03,0.0000
13.05,0.0000
13.06,0.0000
13.08,0.0000
13.09,0.0000
13.11,0.0000
13.12,0.0000
13.14,0.0098
13.15,0.0000
13.17,0.0147
13.18,0.0000
13.19,0.0000
13.21,0.0147
13.22,0.0000
13.24,0.0000
13.25,0.0000
13.27,0.0000
13.28,0.0000
13.30,0.0000
13.31,0.0000
13.32,0.0000
13.34,0.0196
13.35,0.0000
13.37,0.0000
13.38,0.0000
13.40,0.0000
13.41,0.0000
13.43,0.0000
13.44,0.0000
13.46,0.0049
13.47,0.0000
13.49,0.0000
13.50,0.0000
13.51,0.0000
13.53,0.0000
13.54,0.0000
13.56,0.0000
13.57,0.0000
13.59,0.0000
13.60,0.0000
13.62,0.0000
13.63,0.0000
13.65,0.0000
13.66,0.0000
13.67,0.0000
13.69,0.0000
13.70,0.0000
13.72,0.0000
13.73,0.0000
13.75,0.0000
13.76,0.0000
13.78,0.0000
13.79,0.0000
13.81,0.0000
13.82,0.0000
13.84,0.0000
13.85,0.0000
13.86,0.0000
13.88,0.0000
13.89,0.0098
13.91,0.0000
13.92,0.0000
13.94,0.0196
13.95,0.0000
13.97,0.0000
13.98,0.0098
14.00,0.0000
14.01,0.0098
14.02,0.0000
14.04,0.0098
14.05,0.0000
14.07,0.0049
14.08,0.0000
14.10,0.0000
14.11,0.0000
14.13,0.0000
14.14,0.0000
14.15,0.0049
14.17,0.0000
14.18,0.0000
14.20,0.0000
14.21,0.0000
14.23,0.0000
14.24,0.0000
14.26,0.0000
14.27,0.0000
14.29,0.0000
14.30,0.0000
14.31,0.0000
14.33,0.0000
14.34,0.0000
14.36,0.0049
14.37,0.0000
14.39,0.0000
14.40,0.0000
14.42,0.0000
14.43,0.0098
14.45,0.0000
14.46,0.0000
14.48,0.0000
14.49,0.0000
14.50,0.0000
14.52,0.0000
14.53,0.0000
14.55,0.0000
14.56,0.0098
14.58,0.0000
14.59,0.0000
14.61,0.0000
14.62,0.0000
14.64,0.0049
14.65,0.0049
14.66,0.0000
14.68,0.0000
14.69,0.0049
14.71,0.0000
14.72,0.0000
14.74,0.0000
14.75,0.2835
14.77,0.0000
14.78,0.0049
14.80,0.0000
14.81,0.0000
14.82,0.0000
14.84,0.0098
14.85,0.0000
14.87,0.0000
14.88,0.0000
14.90,0.0000
14.91,0.0000
14.93,0.0000
14.94,0.0049
14.96,0.0000
14.97,0.0098
14.98,0.0000
15.00,0.0000
15.01,0.0000
15.03,0.0000
15.04,0.0000
15.06,0.0000
15.07,0.0000
15.09,0.0000
15.10,0.0000
15.12,0.0000
15.13,0.0000
15.14,0.0000
15.16,0.0000
15.17,0.0000
15.19,0.0000
15.20,0.0000
15.22,0.1515
15.23,0.0000
15.25,0.0000
15.26,0.0000
15.28,0.0000
15.29,0.0147
15.31,0.0000
15.32,0.0000
15.33,0.0000
15.35,0.0000
15.36,0.0049
15.38,0.1662
15.39,0.0196
15.41,0.0000
15.42,0.0000
15.44,0.0000
15.45,0.0000
15.47,0.0049
15.48,0.0000
15.50,0.0000
15.51,0.0244
15.52,0.0000
15.54,0.4252
15.55,0.0000
15.57,0.0000
15.58,0.0000
15.60,0.0000
15.61,0.0000
15.63,0.0000
15.64,0.0000
15.65,0.0000
15.67,0.0000
15.68,0.0000
15.70,0.0000
15.71,0.0000
15.73,0.0000
15.74,0.0000
15.76,0.0000
15.77,0.0000
15.78,0.0000
15.80,0.0000
15.81,0.1075
15.83,0.0929
15.84,0.0000
15.86,0.0000
15.87,0.0000
15.89,0.0000
15.90,0.0000
15.92,0.0049
15.93,0.0000
15.95,0.0000
15.96,0.0000
15.98,0.0098
15.99,0.0000
16.00,0.0000
16.02,0.0000
16.03,0.0000
16.05,0.0000
16.06,0.0000
16.08,0.0000
16.09,0.0000
16.11,0.0000
16.12,0.0049
16.13,0.4008
16.15,0.0000
16.16,0.0000
16.18,0.0000
16.19,0.0000
16.21,0.0000
16.22,0.0000
16.24,0.0000
16.25,0.0000
16.27,0.0000
16.28,0.0000
16.29,0.0000
16.31,0.0000
16.32,0.0244
16.34,0.0000
16.35,0.0000
16.37,0.0000
16.38,0.0000
16.40,0.0000
16.41,0.0000
16.43,0.0000
16.44,0.0000
16.45,0.0000
16.47,0.0049
16.48,0.0000
16.50,0.0000
16.51,0.0000
16.53,0.0000
16.54,0.0000
16.56,0.0000
16.57,0.0000
16.59,0.0049
16.60,0.0000
16.62,0.0147
16.63,0.0000
16.64,0.0000
16.66,0.0000
16.67,0.0098
16.69,0.0000
16.70,0.0000
16.72,0.0000
16.73,0.0000
16.75,0.0000
16.76,0.0489
16.78,0.0049
16.79,0.0000
16.80,0.0000
16.82,0.0000
16.83,0.0000
16.85,0.0000
16.86,0.0000
16.88,0.0000
16.89,0.0000
16.91,0.0000
16.92,0.0000
16.93,0.0049
16.95,0.0000
16.96,0.0000
16.98,0.0000
16.99,0.0000
17.01,0.0000
17.02,0.0000
17.04,0.0000
17.05,0.0000
17.07,0.0000
17.08,0.0000
17.10,0.0000
17.11,0.0000
17.12,0.0000
17.14,0.0000
17.15,0.0000
17.17,0.0000
17.18,0.0000
17.20,0.0000
17.21,0.1906
17.23,0.0000
17.24,0.0000
17.26,0.0196
17.27,0.0000
17.29,0.0000
17.30,0.0000
17.31,0.0000
17.33,0.0000
17.34,0.0000
17.36,0.0000
17.37,0.0000
17.39,0.0244
17.40,0.0000
17.42,0.0000
17.43,0.0000
17.44,0.0098
17.46,0.0000
17.47,0.0000
17.49,0.0000
17.50,0.0049
17.52,0.0000
17.53,0.0000
17.55,0.0000
17.56,0.0000
17.58,0.0098
17.59,0.0000
17.60,0.0000
17.62,0.0000
17.63,0.0000
17.65,0.0196
17.66,0.0000
17.68,0.0000
17.69,0.0000
17.71,0.0000
17.72,0.0000
17.74,0.0000
17.75,0.0000
17.77,0.0000
17.78,0.0000
17.79,0.0000
17.81,0.0000
17.82,0.0000
17.84,0.0000
17.85,0.0147
17.87,0.0000
17.88,0.0000
17.90,0.0000
17.91,0.0000
17.93,0.0000
17.94,0.0000
17.95,0.0244
17.97,0.0000
17.98,0.0000
18.00,0.0000
18.01,0.0000
18.03,0.0000
18.04,0.0000
18.06,0.0000
18.07,0.0000
18.09,0.0000
18.10,0.0000
18.11,0.0000
18.13,0.0000
18.14,0.0000
18.16,0.0000
18.17,0.0000
18.19,0.0049
18.20,0.0000
18.22,0.0000
18.23,0.0000
18.25,0.0000
18.26,0.0000
18.28,0.0000
18.29,0.0000
18.30,0.0000
18.32,0.0049
18.33,0.0000
18.35,0.0000
18.36,0.0000
18.38,0.0000
18.39,0.0000
18.41,0.0049
18.42,0.0000
18.44,0.0000
18.45,0.0147
18.46,0.0000
18.48,0.0000
18.49,0.0098
18.51,0.0000
18.52,0.0000
18.54,0.0000
18.55,0.0000
18.57,0.0000
18.58,0.0000
18.59,0.0000
18.61,0.0000
18.62,0.0000
18.64,0.0049
18.65,0.0000
18.67,0.0293
18.68,0.0000
18.70,0.0000
18.71,0.0000
18.73,0.0000
18.74,0.0000
18.76,0.0000
18.77,0.0147
18.78,0.0000
18.80,0.0000
18.81,0.0000
18.83,0.0000
18.84,0.0000
18.86,0.0000
18.87,0.0000
18.89,0.0000
18.90,0.0000
18.92,0.0049
18.93,0.0049
18.95,0.0000
18.96,0.0000
18.97,0.0000
18.99,0.0000
19.00,0.0000
19.02,0.0000
19.03,0.0000
19.05,0.0000
19.06,0.0000
19.08,0.0000
19.09,0.0000
19.10,0.0000
19.12,0.0000
19.13,0.0000
19.15,0.0049
19.16,0.0000
19.18,0.0000
19.19,0.0049
19.21,0.0049
19.22,0.0049
19.24,0.0000
19.25,0.0000
19.26,0.0000
19.28,0.0000
19.29,0.0293
19.31,0.0000
19.32,0.0049
19.34,0.0000
19.35,0.0244
19.37,0.0000
19.38,0.0000
19.40,0.0000
19.41,0.0000
19.43,0.0000
19.44,0.0000
19.45,0.0000
19.47,0.0000
19.48,0.0049
19.50,0.0000
19.51,0.0098
19.53,0.0000
19.54,0.0000
19.56,0.0000
19.57,0.0098
19.59,0.0000
19.60,0.0000
19.61,0.0000
19.63,0.0000
19.64,0.0000
19.66,0.0000
19.67,0.0049
19.69,0.0000
19.70,0.0293
19.72,0.0000
19.73,0.0000
19.75,0.0049
19.76,0.0000
19.77,0.0000
19.79,0.0000
19.80,0.0000
19.82,0.0000
19.83,0.0000
19.85,0.0000
19.86,0.0098
19.88,0.0000
19.89,0.0000
19.91,0.0000
19.92,0.0000
19.93,0.0000
19.95,0.0000
19.96,0.0000
19.98,0.0000
19.99,0.0000
20.01,0.0000
20.02,0.0098
20.04,0.0000
20.05,0.0000
20.07,0.0000
20.08,0.0000
20.10,0.0000
20.11,0.0049
20.12,0.0880
20.14,0.1417
20.15,0.0000
20.17,0.0000
20.18,0.0049
20.20,0.0000
20.21,0.0000
20.23,0.0000
20.24,0.0000
20.25,0.0000
20.27,0.0000
20.28,0.0000
20.30,0.0000
20.31,0.0000
20.33,0.0000
20.34,0.0000
20.36,0.0000
20.37,0.0000
20.39,0.0000
20.40,0.0000
20.42,0.0000
20.43,0.0000
20.44,0.0000
20.46,0.0000
20.47,0.0000
20.49,0.0000
20.50,0.0440
20.52,0.0000
20.53,0.0000
20.55,0.0000
20.56,0.0000
20.58,0.0098
20.59,0.0000
20.60,0.2786
20.62,0.0000
20.63,0.0098
20.65,0.0000
20.66,0.0049
20.68,0.0000
20.69,0.0000
20.71,0.0000
20.72,0.0147
20.74,0.0782
20.75,0.0000
20.76,0.0000
20.78,0.0000
20.79,0.0000
20.81,0.0000
20.82,0.0000
20.84,0.0000
20.85,0.0000
20.87,0.0000
20.88,0.0000
20.90,0.0000
20.91,0.0000
20.92,0.0000
20.94,0.0000
20.95,0.0000
20.97,0.0000
20.98,0.0049
21.00,0.0000
21.01,0.0000
21.03,0.0000
21.04,0.0000
21.06,0.0000
21.07,0.0049
21.09,0.0000
21.10,0.0000
21.11,0.0000
21.13,0.0000
21.14,0.0000
21.16,0.0000
21.17,0.0000
21.19,0.0049
21.20,0.0000
21.22,0.0000
21.23,0.0000
21.25,0.0000
21.26,0.0098
21.27,0.0684
21.29,0.0733
21.30,0.0000
21.32,0.2493
21.33,0.0000
21.35,0.0000
21.36,0.0000
21.38,0.0049
21.39,0.0000
21.41,0.0000
21.42,0.0000
21.43,0.0000
21.45,0.0000
21.46,0.0391
21.48,0.0098
21.49,0.0000
21.51,0.0000
21.52,0.0000
21.54,0.0000
21.55,0.0000
21.57,0.0000
21.58,0.0000
21.59,0.0000
21.61,0.0000
21.62,0.0000
21.64,0.0000
21.65,0.0000
21.67,0.0587
21.68,0.0000
21.70,0.0000
21.71,0.0098
21.73,0.0000
21.74,0.0000
21.75,0.0000
21.77,0.0000
21.78,0.0000
21.80,0.0000
21.81,0.0000
21.83,0.0000
21.84,0.0000
21.86,0.0000
21.87,0.0000
21.89,0.0098
21.90,0.0147
21.92,0.0000
21.93,0.0049
21.94,0.0000
21.96,0.0000
21.97,0.0000
21.99,0.0000
22.00,0.0000
22.02,0.0098
22.03,0.0000
22.05,0.0000
22.06,0.0000
22.08,0.0489
22.09,0.0000
22.10,0.0000
22.12,0.0000
22.13,0.0000
22.15,0.0049
22.16,0.0000
22.18,0.0000
22.19,0.0000
22.21,0.0000
22.22,0.0000
22.24,0.0000
22.25,0.0049
22.26,0.0000
22.28,0.0049
22.29,0.0000
22.31,0.0000
22.32,0.0049
22.34,0.0000
22.35,0.0049
22.37,0.0000
22.38,0.0000
22.39,0.0000
22.41,0.0000
22.42,0.0000
22.44,0.0000
22.45,0.0000
22.47,0.0000
22.48,0.0000
22.50,0.0000
22.51,0.0000
22.53,0.0000
22.54,0.0000
22.56,0.0000
22.57,0.0000
22.58,0.0000
22.60,0.0000
22.61,0.0000
22.63,0.0000
22.64,0.0782
22.66,0.0000
22.67,0.0000
22.69,0.0000
22.70,0.0000
22.72,0.0000
22.73,0.0000
22.75,0.0000
22.76,0.0000
22.77,0.0000
22.79,0.0000
22.80,0.0000
22.82,0.0049
22.83,0.0000
22.85,0.0000
22.86,0.0000
22.88,0.0000
22.89,0.0000
22.90,0.0000
22.92,0.0000
22.93,0.0000
22.95,0.0098
22.96,0.0098
22.98,0.0000
22.99,0.0000
23.01,0.0000
23.02,0.0000
23.04,0.0000
23.05,0.0000
23.06,0.0000
23.08,0.0000
23.09,0.0000
23.11,0.0000
23.12,0.0000
23.14,0.1760
23.15,0.0000
23.17,0.0000
23.18,0.0000
23.20,0.0000
23.21,0.0000
23.23,0.0000
23.24,0.0000
23.25,0.0000
23.27,0.0098
23.28,0.0000
23.30,0.0000
23.31,0.0000
23.33,0.0098
23.34,0.0000
23.36,0.0049
23.37,0.0000
23.39,0.0098
23.40,0.0049
23.42,0.0000
23.43,0.0000
23.44,0.0000
23.46,0.0000
23.47,0.0000
23.49,0.0000
23.50,0.0000
23.52,0.0000
23.53,0.0000
23.55,0.0000
23.56,0.0000
23.57,0.0049
23.59,0.0000
23.60,0.0000
23.62,0.0000
23.63,0.0000
23.65,0.0000
23.66,0.0000
23.68,0.0000
23.69,0.0000
23.71,0.0000
23.72,0.0000
23.74,0.0000
23.75,0.0000
23.76,0.0000
23.78,0.0000
23.79,0.0000
23.81,0.0000
23.82,0.0000
23.84,0.0000
23.85,0.0000
23.87,0.0000
23.88,0.0000
23.90,0.0000
23.91,0.0244
23.92,0.0000
23.94,0.0000
23.95,0.0000
23.97,0.0000
23.98,0.0000
24.00,0.0000
24.01,0.0000
24.03,0.0000
24.04,0.0000
24.05,0.0049
24.07,0.0000
24.08,0.0000
24.10,0.0000
24.11,0.0000
24.13,0.0147
24.14,0.0000
24.16,0.0000
24.17,0.0000
24.19,0.0000
24.20,0.0147
24.22,0.0000
24.23,0.0000
24.25,0.0000
24.26,0.0000
24.27,0.0000
24.29,0.0000
24.30,0.0000
24.32,0.0000
24.33,0.0000
24.35,0.0000
24.36,0.0000
24.38,0.0000
24.39,0.0000
24.41,0.0000
24.42,0.0000
24.43,0.0000
24.45,0.0000
24.46,0.0000
24.48,0.0000
24.49,0.0000
24.51,0.0049
24.52,0.0000
24.54,0.0049
24.55,0.0000
24.56,0.0000
24.58,0.0000
24.59,0.0000
24.61,0.0000
24.62,0.0000
24.64,0.0000
24.65,0.0049
24.67,0.0000
24.68,0.0196
24.70,0.0000
24.71,0.0000
24.72,0.0000
24.74,0.0000
24.75,0.0000
24.77,0.0000
24.78,0.0929
24.80,0.0147
24.81,0.0000
24.83,0.0733
24.84,0.0000
24.86,0.0000
24.87,0.0000
24.89,0.0000
24.90,0.0049
24.91,0.0000
24.93,0.0000
24.94,0.0000
24.96,0.0000
24.97,0.0000
24.99,0.0000
25.00,0.0049
25.02,0.0000
25.03,0.0000
25.05,0.0000
25.06,0.0147
25.07,0.0000
25.09,0.0000
25.10,0.0000
25.12,0.0049
25.13,0.0000
25.15,0.0000
25.16,0.0000
25.18,0.0000
25.19,0.0000
25.21,0.0000
25.22,0.0000
25.23,0.0000
25.25,0.0000
25.26,0.0000
25.28,0.0342
25.29,0.0000
25.31,0.0000
25.32,0.0000
25.34,0.0000
25.35,0.0000
25.37,0.0000
25.38,0.0000
25.39,0.0000
25.41,0.0000
25.42,0.0098
25.44,0.0000
25.45,0.0000
25.47,0.0147
25.48,0.0049
25.50,0.0000
25.51,0.0000
25.53,0.3128
25.54,0.0000
25.55,0.0000
25.57,0.0000
25.58,0.0049
25.60,0.0000
25.61,0.0000
25.63,0.0098
25.64,0.0000
25.66,0.0000
25.67,0.0000
25.69,0.0000
25.70,0.0000
25.71,0.0000
25.73,0.0000
25.75,0.0000
25.76,0.0000
25.77,0.0000
25.79,0.0000
25.80,0.0000
25.82,0.0293
25.83,0.0000
25.85,0.0000
25.86,0.0000
25.88,0.0000
25.89,0.0000
25.90,0.0000
25.92,0.0000
25.93,0.0000
25.95,0.0000
25.96,0.0000
25.98,0.0000
25.99,0.0000
26.01,0.0000
26.02,0.1760
26.04,0.0000
26.05,0.0000
26.06,0.0000
26.08,0.0000
26.09,0.0000
26.11,0.0000
26.12,0.0000
26.14,0.0000
26.15,0.0000
26.17,0.0000
26.18,0.0000
26.20,0.0000
26.21,0.0000
26.22,0.0000
26.24,0.0000
26.25,0.0000
26.27,0.0049
26.28,0.0000
26.30,0.5376
26.31,0.0000
26.33,0.0049
26.34,0.0000
26.36,0.0000
26.37,0.0000
26.38,0.0049
26.40,0.0000
26.42,0.0000
26.43,0.0000
26.44,0.0000
26.46,0.0000
26.47,0.0000
26.49,0.0000
26.50,0.0000
26.52,0.0000
26.53,0.0587
26.55,0.0000
26.56,0.0000
26.57,0.0000
26.59,0.0000
26.60,0.0000
26.62,0.0000
26.63,0.0000
26.65,0.0000
26.66,0.0000
26.68,0.0000
26.69,0.0000
26.70,0.0000
26.72,0.0000
26.73,0.0244
26.75,0.0000
26.76,0.0000
26.78,0.0000
26.79,0.0098
26.81,0.0000
26.82,0.0000
26.84,0.0000
26.85,0.0000
26.87,0.0000
26.88,0.0000
26.89,0.0000
26.91,0.0000
26.92,0.0000
26.94,0.0000
26.95,0.0000
26.97,0.0000
26.98,0.0000
27.00,0.0293
27.01,0.0000
27.03,0.0000
27.04,0.0000
27.05,0.0000
27.07,0.0000
27.08,0.0000
27.10,0.0000
27.11,0.0000
27.13,0.0000
27.14,0.0000
27.16,0.0000
27.17,0.0000
27.19,0.0000
27.20,0.0000
27.21,0.0000
27.23,0.0000
27.24,0.0000
27.26,0.0000
27.27,0.0196
27.29,0.0000
27.30,0.0000
27.32,0.0196
27.33,0.0000
27.35,0.0000
27.36,0.0000
27.37,0.0000
27.39,0.0000
27.40,0.0098
27.42,0.0000
27.43,0.0000
27.45,0.0000
27.46,0.0000
27.48,0.0000
27.49,0.0000
27.51,0.0098
27.52,0.0000
27.54,0.0000
27.55,0.0000
27.56,0.0000
27.58,0.0000
27.59,0.0000
27.61,0.0000
27.62,0.0000
27.64,0.0000
27.65,0.0000
27.67,0.0000
27.68,0.0000
27.70,0.0049
27.71,0.0000
27.72,0.0000
27.74,0.0000
27.75,0.0049
27.77,0.0000
27.78,0.0000
27.80,0.0000
27.81,0.0000
27.83,0.0000
27.84,0.0000
27.85,0.0000
27.87,0.0098
27.88,0.0000
27.90,0.0000
27.91,0.0000
27.93,0.0000
27.94,0.0000
27.96,0.0000
27.97,0.0000
27.99,0.0000
28.00,0.0000
28.02,0.0147
28.03,0.0000
28.04,0.0000
28.06,0.0000
28.07,0.0049
28.09,0.0098
28.10,0.0000
28.12,0.0000
28.13,0.0000
28.15,0.0196
28.16,0.0000
28.18,0.0000
28.19,0.0000
28.21,0.0000
28.22,0.0049
28.23,0.0000
28.25,0.0000
28.26,0.0000
28.28,0.0000
28.29,0.0000
28.31,0.0000
28.32,0.0000
28.34,0.0196
28.35,0.0000
28.36,0.0000
28.38,0.0000
28.39,0.0000
28.41,0.0000
28.42,0.0000
28.44,0.0000
28.45,0.0000
28.47,0.0000
28.48,0.0147
28.50,0.0000
28.51,0.0000
28.53,0.0000
28.54,0.0000
28.55,0.0000
28.57,0.0000
28.58,0.0000
28.60,0.0098
28.61,0.0000
28.63,0.0000
28.64,0.0000
28.66,0.0000
28.67,0.0000
28.69,0.0000
28.70,0.0000
28.71,0.0000
28.73,0.0000
28.74,0.0000
28.76,0.0000
28.77,0.0000
28.79,0.0000
28.80,0.0000
28.82,0.0000
28.83,0.0000
28.85,0.0000
28.86,0.0000
28.87,0.0000
28.89,0.0000
28.90,0.0000
28.92,0.0098
28.93,0.0000
28.95,0.0098
28.96,0.0000
28.98,0.0000
28.99,0.0000
29.01,0.0000
29.02,0.0000
29.03,0.0000
29.05,0.0000
29.06,0.0000
29.08,0.0000
29.09,0.0000
29.11,0.0147
29.12,0.0000
29.14,0.0000
29.15,0.0000
29.17,0.0000
29.18,0.0049
29.20,0.0000
29.21,0.0000
29.22,0.0147
29.24,0.0000
29.25,0.0098
29.27,0.0000
29.28,0.0000
29.30,0.0000
29.31,0.0000
29.33,0.0000
29.34,0.0000
29.36,0.0000
29.37,0.0000
29.38,0.0000
29.40,0.0049
29.41,0.0000
29.43,0.0000
29.44,0.0000
29.46,0.0000
29.47,0.0000
29.49,0.0000
29.50,0.0000
29.51,0.0000
29.53,0.0000
29.54,0.0000
29.56,0.0000
29.57,0.0000
29.59,0.0000
29.60,0.0000
29.62,0.0000
29.63,0.0000
29.65,0.0000
29.66,0.0000
29.68,0.0342
29.69,0.0000
29.70,0.0000
29.72,0.0196
29.73,0.0000
29.75,0.0049
29.76,0.0000
29.78,0.0000
29.79,0.0000
29.81,0.0000
29.82,0.0000
29.84,0.0000
29.85,0.0000
29.86,0.0000
29.88,0.1124
29.89,0.0000
29.91,0.0000
29.92,0.0000
29.94,0.0000
29.95,0.0000
29.97,0.0000
29.98,0.0000
30.00,0.0098
30.01,0.0000
30.02,0.0000
30.04,0.0000
30.05,0.0000
30.07,0.0000
30.08,0.0000
30.10,0.0000
30.11,0.0000
30.13,0.0000
30.14,1.1730
30.16,0.0000
30.17,0.0000
30.18,0.0000
30.20,0.0000
30.21,0.0196
30.23,0.0000
30.24,0.0000
30.26,0.0000
30.27,0.0000
30.29,0.0000
30.30,0.0000
30.32,0.0000
30.33,0.0000
30.35,0.0000
30.36,0.0000
30.37,0.0000
30.39,0.0000
30.40,0.0000
30.42,0.0000
30.43,0.0196
30.45,0.0000
30.46,0.0000
30.48,0.0000
30.49,0.0000
30.50,0.0000
30.52,0.0391
30.53,0.0000
30.55,0.0049
30.56,0.0098
30.58,0.0000
30.59,0.0000
30.61,0.0000
30.62,0.0000
30.64,0.0000
30.65,0.0000
30.67,0.0000
30.68,0.0000
30.69,0.0000
30.71,0.0000
30.72,0.0000
30.74,0.0000
30.75,0.0000
30.77,0.0000
30.78,0.0000
30.80,0.0000
30.81,0.0000
30.83,0.0000
30.84,0.0000
30.86,0.0000
30.87,0.0000
30.88,0.0000
30.90,0.0098
30.91,0.0098
30.93,0.0000
30.94,0.0000
30.96,0.0000
30.97,0.0000
30.99,0.0000
31.00,0.0000
31.01,0.0000
31.03,0.0000
31.04,0.0000
31.06,0.0000
31.07,0.0000
31.09,0.0000
31.10,0.0000
31.12,0.0000
31.13,0.0000
31.15,0.2004
31.16,0.0000
31.17,0.0000
31.19,0.0000
31.20,0.0000
31.22,0.0000
31.23,0.0000
31.25,0.0000
31.26,0.0000
31.28,0.0000
31.29,0.0000
31.31,0.0000
31.32,0.0000
31.34,0.0000
31.35,0.0782
31.36,0.0000
31.38,0.0196
31.39,0.0000
31.41,0.0000
31.42,0.0000
31.44,0.0000
31.45,0.0000
31.47,0.0000
31.48,0.0000
31.50,0.0000
31.51,0.0000
31.52,0.0098
31.54,0.0000
31.55,0.0000
31.57,0.0293
31.58,0.0000
31.60,0.0000
31.61,0.0000
31.63,0.0000
31.64,0.0000
31.66,0.0000
31.67,0.0000
31.68,0.0000
31.70,0.0000
31.71,0.0000
31.73,0.0000
31.74,0.0000
31.76,0.0000
31.77,0.0000
31.79,0.0000
31.80,0.0000
31.82,0.0147
31.83,0.0000
31.84,0.0000
31.86,0.0000
31.87,0.0049
31.89,0.0000
31.90,0.0000
31.92,0.0000
31.93,0.0000
31.95,0.0000
31.96,0.0000
31.98,0.0000
31.99,0.0000
32.01,0.0000
32.02,0.0000
32.03,0.0000
32.05,0.0000
32.06,0.0000
32.08,0.0000
32.09,0.0000
32.11,0.0000
32.12,0.0000
32.14,0.0000
32.15,0.0000
32.17,0.0147
32.18,0.0000
32.20,0.0000
32.21,0.0000
32.22,0.0000
32.24,0.0000
32.25,0.0000
32.27,0.0000
32.28,0.0049
32.30,0.0000
32.31,0.0000
32.33,0.0000
32.34,0.0000
32.36,0.0000
32.37,0.0000
32.38,0.0000
32.40,0.0000
32.41,0.0000
32.43,0.0000
32.44,0.0000
32.46,0.0000
32.47,0.0000
32.49,0.0000
32.50,0.0000
32.52,0.0000
32.53,0.0000
32.54,0.0000
32.56,0.0000
32.57,0.0000
32.59,0.0000
32.60,0.0000
32.62,0.0000
32.63,0.0049
32.65,0.0000
32.66,0.0342
32.68,0.0000
32.69,0.0000
32.70,0.0000
32.72,0.0098
32.73,0.0000
32.75,0.0000
32.76,0.0000
32.78,0.0000
32.79,0.0049
32.81,0.0049
32.82,0.0000
32.84,0.0000
32.85,0.0000
32.87,0.0000
32.88,0.0000
32.89,0.0000
32.91,0.0000
32.92,0.0000
32.94,0.0000
32.95,0.0000
32.97,0.0000
32.98,0.0000
33.00,0.0000
33.01,0.0000
33.03,0.0049
33.04,0.0000
33.05,0.0000
33.07,0.0000
33.08,0.0000
33.10,0.0000
33.11,0.0000
33.13,0.0000
33.14,0.0000
33.16,0.0000
33.17,0.0000
33.19,0.0000
33.20,0.0000
33.21,0.0000
33.23,0.0000
33.24,0.0000
33.26,0.0000
33.27,0.0000
33.29,0.0000
33.30,0.0000
33.31,0.0000
33.33,0.0000
33.35,0.0000
33.36,0.0000
33.37,0.0000
33.39,0.0000
33.40,0.0000
33.42,0.0000
33.43,0.0000
33.45,0.0000
33.46,0.0000
33.48,0.0000
33.49,0.0000
33.51,0.0000
33.52,0.0000
33.53,0.0000
33.55,0.0000
33.56,0.0000
33.58,0.0000
33.59,0.0342
33.61,0.0000
33.62,0.0000
33.64,0.0000
33.65,0.0000
33.67,0.0000
33.68,0.0000
33.69,0.0049
33.71,0.0000
33.72,0.0000
33.74,0.0147
33.75,0.0000
33.77,0.0000
33.78,0.0000
33.80,0.0000
33.81,0.0000
33.83,0.0000
33.84,0.0000
33.86,0.0000
33.87,0.0000
33.88,0.0000
33.90,0.0098
33.91,0.0000
33.93,0.0000
33.94,0.0000
33.96,0.0000
33.97,0.0000
33.99,0.0000
34.00,0.0000
34.02,0.0000
34.03,0.0000
34.04,0.0049
34.06,0.0000
34.07,0.0000
34.09,0.0000
34.10,0.0000
34.12,0.0000
34.13,0.0000
34.15,0.0000
34.16,0.0000
34.17,0.0000
34.19,0.0000
34.20,0.0000
34.22,0.0000
34.23,0.0049
34.25,0.0000
34.26,0.0000
34.28,0.0000
34.29,0.0000
34.31,0.0000
34.32,0.0000
34.34,0.0000
34.35,0.0000
34.36,0.0196
34.38,0.0000
34.39,0.0000
34.41,0.0000
34.42,0.0000
34.44,0.0000
34.45,0.0000
34.47,0.0000
34.48,0.0000
34.50,0.0000
34.51,0.0000
34.53,0.0000
34.54,0.0000
34.55,0.0000
34.57,0.0000
34.58,0.0147
34.60,0.0000
34.61,0.0000
34.63,0.0000
34.64,0.0000
34.66,0.0000
34.67,0.0000
34.68,0.0000
34.70,0.0000
34.71,0.0098
34.73,0.0000
34.74,0.0000
34.76,0.0000
34.77,0.0000
34.79,0.0000
34.80,0.0000
34.82,0.0000
34.83,0.0000
34.84,0.0000
34.86,0.0000
34.87,0.0000
34.89,0.0098
34.90,0.0000
34.92,0.0098
34.93,0.0000
34.95,0.0391
34.96,0.0000
34.97,0.1271
34.99,0.0049
35.01,0.0000
35.02,0.0000
35.03,0.0000
35.05,0.0000
35.06,0.0000
35.08,0.0000
35.09,0.0049
35.11,0.0000
35.12,0.0000
35.14,0.0000
35.15,0.0000
35.17,0.0000
35.18,0.0244
35.19,0.0000
35.21,0.0000
35.22,0.0000
35.24,0.0000
35.25,0.0000
35.27,0.0000
35.28,0.0000
35.30,0.0000
35.31,0.0000
35.33,0.0000
35.34,0.0000
35.35,0.0000
35.37,0.0000
35.38,0.0000
35.40,0.0049
35.41,1.7107
35.43,0.0049
35.44,0.0000
35.46,0.0000
35.47,0.0000
35.49,0.0000
35.50,0.0000
35.52,0.0000
35.53,0.0049
35.54,0.0000
35.56,0.0000
35.57,0.0000
35.59,0.0440
35.60,0.0000
35.62,0.0000
35.63,0.0000
35.65,0.0000
35.66,0.0000
35.68,0.0000
35.69,0.0000
35.70,0.0000
35.72,0.0000
35.73,0.0000
35.75,0.0000
35.76,0.0000
35.78,0.0000
35.79,0.0000
35.81,0.0000
35.82,0.0049
35.83,0.0049
35.85,0.0000
35.86,0.0049
35.88,0.0000
35.89,0.0000
35.91,0.0000
35.92,0.0000
35.94,0.0000
35.95,0.0000
35.97,0.0049
35.98,0.0000
36.00,0.0000
36.01,0.0000
36.02,0.0000
36.04,0.0049
36.05,0.0000
36.07,0.0000
36.08,0.0049
36.10,0.0000
36.11,0.0000
36.13,0.0000
36.14,0.0000
36.15,0.0000
36.17,0.0000
36.19,0.0000
36.20,0.0000
36.21,0.0000
36.23,0.0049
36.24,0.0000
36.26,0.0000
36.27,0.1222
36.29,0.0000
36.30,0.0000
36.32,0.0000
36.33,0.0000
36.34,0.0000
36.36,0.0000
36.37,0.0000
36.39,0.0000
36.40,0.0000
36.42,0.0000
36.43,0.0000
36.45,0.0000
36.46,0.0000
36.47,0.0098
36.49,0.0000
36.50,0.0000
36.52,0.0000
36.53,0.0000
36.55,0.0000
36.56,0.0000
36.58,0.0000
36.59,0.0000
36.61,0.0000
36.62,0.0049
36.63,0.0000
36.65,0.0000
36.67,0.0000
36.68,0.0000
36.69,0.0000
36.71,0.0000
36.72,0.0000
36.74,0.0000
36.75,0.0000
36.77,0.0000
36.78,0.0000
36.80,0.0098
36.81,0.0000
36.83,0.0000
36.84,0.0000
36.85,0.0000
36.87,0.0000
36.88,0.0049
36.90,0.0000
36.91,0.0000
36.93,0.0000
36.94,0.0000
36.96,0.0000
36.97,0.0000
36.99,0.0000
37.00,0.0000
37.01,0.0000
37.03,0.0000
37.04,0.0000
37.06,0.0000
37.07,0.0000
37.09,0.0000
37.10,0.0000
37.12,0.0000
37.13,0.0000
37.15,0.0000
37.16,0.0000
37.17,0.2151
37.19,0.0000
37.20,0.0000
37.22,0.0000
37.23,0.0000
37.25,0.0000
37.26,0.0000
37.28,0.0000
37.29,0.0147
37.31,0.0000
37.32,0.0000
37.34,0.0000
37.35,0.0000
37.36,0.0000
37.38,0.0000
37.39,0.0000
37.41,0.0000
37.42,0.0000
37.44,0.0049
37.45,0.0000
37.47,0.0098
37.48,0.0000
37.49,0.0000
37.51,0.0000
37.52,0.0000
37.54,0.0000
37.55,0.0000
37.57,0.0000
37.58,0.0000
37.60,0.0098
37.61,0.1369
37.63,0.0000
37.64,0.0000
37.65,0.0000
37.67,0.0000
37.68,0.0000
37.70,0.0000
37.71,0.0000
37.73,0.0000
37.74,0.0000
37.76,0.0000
37.77,0.0000
37.79,0.0000
37.80,0.0196
37.81,0.0000
37.83,0.0000
37.84,0.0000
37.86,0.0000
37.87,0.0000
37.89,0.0000
37.90,0.0000
37.92,0.0147
37.93,0.0000
37.95,0.0000
37.96,0.0000
37.97,0.0000
37.99,0.0000
38.00,0.0000
38.02,0.3372
38.03,0.0000
38.05,0.0000
38.06,0.0000
38.08,0.0000
38.09,0.0000
38.11,0.0000
38.12,0.0000
38.13,0.0000
38.15,0.0000
38.16,0.0000
38.18,0.0000
38.19,0.0000
38.21,0.0000
38.22,0.0098
38.24,0.0000
38.25,0.0000
38.27,0.0000
38.28,0.0049
38.29,0.0049
38.31,0.0000
38.33,0.0049
38.34,0.0000
38.35,0.0000
38.37,0.0000
38.38,0.0000
38.40,0.0000
38.41,0.0000
38.43,0.0147
38.44,0.0000
38.46,0.0000
38.47,0.0000
38.48,0.0000
38.50,0.0000
38.51,0.0098
38.53,0.0000
38.54,0.0000
38.56,0.0000
38.57,0.0000
38.59,0.0000
38.60,0.0000
38.62,0.0000
38.63,0.0000
38.65,0.0000
38.66,0.0000
38.67,0.0000
